{"stats":{"minecraft:used":{"minecraft:redstone_torch":9,"minecraft:oak_trapdoor":59,"minecraft:glass":1,"minecraft:lever":12,"minecraft:water_bucket":3157,"minecraft:villager_spawn_egg":2,"minecraft:flint_and_steel":93,"minecraft:cherry_slab":39,"minecraft:redstone":126,"minecraft:string":68,"minecraft:oak_sign":149,"minecraft:chest":64,"minecraft:netherrack":10,"minecraft:white_wool":1973,"minecraft:torch":2,"minecraft:tripwire_hook":120,"minecraft:repeater":13,"minecraft:tnt":30,"minecraft:hopper":167,"minecraft:ice":85,"minecraft:blue_ice":65,"minecraft:sponge":52},"minecraft:picked_up":{"minecraft:tripwire_hook":8,"minecraft:water_bucket":1,"minecraft:torch":5,"minecraft:redstone":20,"minecraft:oak_trapdoor":3,"minecraft:string":355468,"minecraft:flint_and_steel":1,"minecraft:oak_sign":23,"minecraft:blue_ice":1,"minecraft:redstone_torch":2,"minecraft:chest":1,"minecraft:white_wool":2},"minecraft:custom":{"minecraft:time_since_rest":19448,"minecraft:sprint_one_cm":16294,"minecraft:walk_one_cm":28653,"minecraft:drop":69,"minecraft:inspect_hopper":34,"minecraft:damage_dealt":134,"minecraft:fly_one_cm":2283936,"minecraft:open_chest":23,"minecraft:crouch_one_cm":2300,"minecraft:play_time":222118,"minecraft:deaths":4,"minecraft:sneak_time":11811,"minecraft:walk_under_water_one_cm":11713,"minecraft:jump":129,"minecraft:leave_game":7,"minecraft:time_since_death":19426,"minecraft:walk_on_water_one_cm":54036,"minecraft:total_world_time":230346,"minecraft:climb_one_cm":1312},"minecraft:dropped":{"minecraft:water_bucket":2,"minecraft:oak_trapdoor":3,"minecraft:lever":5,"minecraft:sponge":2,"minecraft:torch":3,"minecraft:tnt":1,"minecraft:repeater":66,"minecraft:hopper":1,"minecraft:blue_ice":2,"minecraft:chest":2,"minecraft:redstone_torch":64,"minecraft:villager_spawn_egg":1,"minecraft:cherry_slab":1,"minecraft:string":914,"minecraft:oak_sign":1,"minecraft:white_wool":4,"minecraft:shears":1,"minecraft:netherrack":1,"minecraft:flint_and_steel":1,"minecraft:redstone":71,"minecraft:stick":2}},"DataVersion":3465}